{
	"tagname-lowercase": true,
	"attr-lowercase": true,
	"attr-value-double-quotes": true,
	"attr-value-not-empty": false,
	"attr-no-duplication": true,
	"doctype-first": true,
	"tag-pair": true,
	"tag-self-close": false,
	"spec-char-escape": true,
	"id-unique": true,
	"src-not-empty": true,
	"title-require": true,
	"head-script-disabled": false,
	"alt-require": true,
	"doctype-html5": false,
	"id-class-value": false,
	"style-disabled": false,
	"inline-style-disabled": false,
	"inline-script-disabled": false,
	"space-tab-mixed-disabled": false,
	"id-class-ad-disabled": false,
	"href-abs-or-rel": false,
	"attr-unsafe-chars": true
}